<?xml version="1.0" encoding="UTF-8" standalone="yes"?>
<addon id="plugin.video.g1noticias" name="G1 Notícias" version="0.1.0" provider-name="Manus">
  <requires>
    <import addon="xbmc.python" version="3.0.0"/>
    <import addon="script.module.requests"/>
  </requires>
  <extension point="xbmc.python.pluginsource" library="addon.py">
    <provides>video</provides>
  </extension>
  <extension point="xbmc.addon.metadata">
    <summary lang="en_GB">G1 News RSS Reader</summary>
    <summary lang="pt_BR">Leitor de Notícias RSS do G1</summary>
    <description lang="en_GB">Fetches and displays news items from G1 RSS feeds.</description>
    <description lang="pt_BR">Busca e exibe notícias dos feeds RSS do G1.</description>
    <disclaimer lang="en_GB">Unofficial addon. Content provided by G1 (g1.globo.com).</disclaimer>
    <disclaimer lang="pt_BR">Add-on não oficial. Conteúdo fornecido pelo G1 (g1.globo.com).</disclaimer>
    <platform>all</platform>
    <license>MIT</license>
    <website>https://g1.globo.com/</website>
    <source>https://github.com/example/plugin.video.g1noticias</source> <!-- Placeholder -->
    <assets>
      <icon>icon.png</icon>
      <!-- <fanart>fanart.jpg</fanart> -->
    </assets>
  </extension>
</addon>

